display_order,id,name,venue_type,scene_movement,borough,neighborhood,address,latitude,longitude,open_year,close_year,status,closing_reason,quote,notes,source_url,source_publisher,source_collection,source_file,description
1,0001,Lenox Lounge,commercial_club,harlem_jazz,Manhattan,Harlem,288 Malcolm X Blvd,40.8081,-73.9442,1939,2012,closed,"Rent escalation ($20,000/month rent demand by new landlord)",The Zebra Room was not just a stage; it was the acoustic living room of Harlem.,Art Deco landmark interior stripped after landlord rent dispute in 2012; building demolished in 2017 for retail redevelopment.,,,core_dataset,src/data/venues.ts,"An Art Deco jazz venue established in 1939, Lenox Lounge was known for its Zebra Room and functioned as both a performance space and a Harlem gathering place. Writers James Baldwin and Langston Hughes, along with political activist Malcolm X, were regular patrons.

Notable Musicians: Billie Holiday, Miles Davis, John Coltrane, and Danny Mixon.

Music: The club presented bebop, hard bop, and regular weekend jazz programs, with later events organized under the musical direction of Danny Mixon."
2,0002,St. Nick's Pub,commercial_club,harlem_jazz,Manhattan,Harlem,773 St Nicholas Ave,40.8228,-73.9482,1940,2011,closed,Ownership dispute & building sale amid Sugar Hill property price surge,Monday night jam sessions ran until 4 AM with generations of masters trading choruses.,Historic Sugar Hill cornerstone dating back to the late 1930s (formerly Duke’s Bar).,,,core_dataset,src/data/venues.ts,"Located in the historic Sugar Hill neighborhood, this venue served as an informal jazz gathering place. Its Monday night jam sessions ran late and emphasized direct, energetic ensemble playing.

Notable Musicians: Olu Dara, James Carter, Bill Saxton, Hamiet Bluiett, and Patience Higgins.

Music: Patience Higgins and his Sugar Hill Quartet recorded Live In Harlem at the club, including performances of Thelonious Monk's ""Let's Cool One"" and Sonny Rollins' ""Sonny Moon For Two"". The room was known for a raw acoustic environment and what observers called ""no-nonsense blowing""."
3,0003,Minton's Playhouse,commercial_club,harlem_jazz,Manhattan,Harlem,210 W 118th St,40.8055,-73.9535,1938,1974,closed,Building fire and neighborhood commercial disinvestment in the 1970s,"Where Thelonious Monk, Charlie Parker, and Dizzy Gillespie forged the vocabulary of Bebop.",A central site for Bebop jam sessions in the 1940s; later restored as an upscale venue in the 2000s.,,,core_dataset,src/data/venues.ts,"Operating out of the ground floor of the Cecil Hotel starting in 1938, Minton's became an important after-hours workshop for the development of bebop. House musicians and visitors used demanding tempos, harmonies, and rhythmic ideas to test new approaches beyond their regular band jobs.

Notable Musicians: Thelonious Monk, Charlie Parker, Dizzy Gillespie, Charlie Christian, and Kenny Clarke.

Music: Monk's ""52nd Street Theme,"" first known as ""Bip Bop,"" became associated with the sessions. Kenny Clarke's ride-cymbal pulse and irregular bass-drum accents also formed part of the rhythmic vocabulary musicians developed and exchanged there."
4,0020,Birdland (Original Location),commercial_club,bebop_mainstream,Manhattan,Times Square,1678 Broadway,40.7624,-73.9834,1949,1965,closed,Punitive commercial rent increases & Broadway theater district rezoning,"The Jazz Corner of the World. Count Basie, Lester Young, and Charlie Parker played here nightly.","Named in honor of Charlie ""Bird"" Parker. Forced to close in 1965 when Broadway real estate values soared.",,,core_dataset,src/data/venues.ts,"Opening in December 1949 just off Broadway, Birdland proudly called itself ""The Jazz Corner of the World"". Named in honor of alto saxophonist Charlie ""Bird"" Parker, it was the public proving ground where the raw art form created in Harlem was presented to mainstream midtown audiences.

Notable Musicians: Charlie Parker, John Coltrane, Count Basie, Art Blakey, Miles Davis, and Bud Powell all performed and recorded historic sessions here.

Music: Count Basie and his Orchestra recorded Live from Birdland in the 1950s and immortalized the venue by recording the famous ""Lullaby of Birdland"" on site. Broadcaster Symphony Sid also famously broadcast live sets from the club over the radio, bringing the venue's live energy directly into American living rooms."
5,0021,The Famous Door (52nd St),commercial_club,bebop_mainstream,Manhattan,Midtown,56 W 52nd St,40.7602,-73.9786,1935,1950,closed,Demolition of 52nd Street brownstones for modern corporate skyscraper office towers,A musician-backed Swing Street room where Billie Holiday and Count Basie drew large audiences.,Part of the mid-century corporate clearing of 52nd Street for CBS Black Rock and corporate headquarters.,,,core_dataset,src/data/venues.ts,"A crown jewel of the heavily concentrated ""Swing Street"" (52nd Street), this compact venue blurred the line between audience and bandstand, generating an electric, intimate atmosphere. Because clubs were stacked so closely together, musicians could easily finish a set here and walk across the street to jump into another jam session.

Notable Musicians: Count Basie, Billie Holiday, Lester Young, Art Tatum, and Coleman Hawkins.

Music: With the help of agent Willard Alexander, Count Basie secured a national NBC radio wire for the club, broadcasting his band's signature ""flagwavers""—blistering, fast-paced tunes like ""Jumpin' at the Woodside"" designed specifically to feature soloists like Lester Young and excite the crowd. Billie Holiday also delivered profoundly emotional performances of classics like ""Strange Fruit"" and ""God Bless the Child"" in this very room."
6,0022,The Onyx Club (52nd St),commercial_club,bebop_mainstream,Manhattan,Midtown,62 W 52nd St,40.7608,-73.9798,1927,1949,closed,52nd Street corporate redevelopment and post-war tax pressures,Dizzy Gillespie and Max Roach led the first modern bebop combos here in 1944.,Demolished alongside neighboring clubs for Rockefeller Center expansion.,,,core_dataset,src/data/venues.ts,"Opened initially as a musicians' speakeasy in 1927 at 62 W 52nd St, the Onyx Club became a central room on Midtown Manhattan’s Swing Street. The intimate cellar club served as a meeting place for studio and big-band instrumentalists before becoming one of the first 52nd Street spaces to host early bebop groups.

Notable Musicians: Dizzy Gillespie, Max Roach, Art Tatum, Stuff Smith, and Roy Eldridge.

Music: In 1944, Dizzy Gillespie and Max Roach co-led an early modern bebop combo on 52nd Street here, introducing compositions including ""Woody 'n' You"" and ""Night in Tunisia"" to Manhattan audiences."
7,0004,Village Vanguard,commercial_club,bebop_mainstream,Manhattan,Greenwich Village,178 7th Ave S,40.7337,-74.0016,1935,,open,,The triangular basement whose acoustic resonance shaped the sound of modern recorded jazz for ninety years.,Historic survivor operating continuously under the Gordon family stewardship.,,,core_dataset,src/data/venues.ts,"Founded in 1935 by Max Gordon in a triangular Greenwich Village basement at 178 7th Ave South, the Village Vanguard is one of New York's longest-running jazz clubs. Its acoustic resonance and close seating have made it a favored site for live jazz recording.

Notable Musicians: John Coltrane, Sonny Rollins, Bill Evans, Miles Davis, Thelonious Monk, Dexter Gordon, and Wynton Marsalis.

Music: The venue hosted landmark recordings including John Coltrane’s 1961 Live at the Village Vanguard, Sonny Rollins’ 1957 trio sets, and Bill Evans’ 1961 Sunday at the Village Vanguard."
8,0005,55 Bar,commercial_club,bebop_mainstream,Manhattan,Greenwich Village,55 Christopher St,40.7339,-74.0028,1983,2022,closed,Pandemic commercial rent debt & landlord refused lease extension after 39 years,A dive-bar sanctuary where fusion guitarists and straight-ahead titans traded 12-bar blues five feet from the bar.,Beloved Greenwich Village institution whose abrupt 2022 closure triggered widespread mourning across NYC jazz.,,,core_dataset,src/data/venues.ts,"Tucked into a Greenwich Village basement at 55 Christopher Street, this informal dive bar operated from 1983 until 2022. Listeners sat just feet from the performers in a narrow, wood-paneled room that functioned as a gathering place for downtown musicians.

Notable Musicians: Mike Stern, Wayne Krantz, Leni Stern, Jaco Pastorius, Chris Potter, and Jim Campilongo.

Music: Known for high-energy blues, funk, and modern fusion guitar residencies, the 55 Bar paired early acoustic sets with electric late-night performances."
9,0018,Bradley's,commercial_club,bebop_mainstream,Manhattan,Greenwich Village,70 University Pl,40.7323,-73.9972,1969,1996,closed,Astronomical University Place retail rent escalation following Bradley Cunningham’s death,"An after-hours gathering place for pianists and bassists including Hank Jones, Tommy Flanagan, and Kenny Barron.",Its cedar-paneled room was known for impromptu late-night duets and unannounced guest appearances.,,,core_dataset,src/data/venues.ts,"Operating from 1969 to 1996 at 70 University Place, Bradley’s became known as an ""after-hours university"" for jazz pianists and bassists. Founded by Bradley Cunningham, the cedar-paneled room drew musicians after midnight to hear duos exchange ideas at close range.

Notable Musicians: Hank Jones, Tommy Flanagan, Kenny Barron, Ray Brown, Jimmy Rowles, Kirk Lightsey, and Red Mitchell.

Music: Bradley’s focused on acoustic piano-and-bass duets, with unannounced guest sit-ins and a Bösendorfer grand piano that visiting musicians regularly praised."
10,0023,Sweet Basil,commercial_club,bebop_mainstream,Manhattan,Greenwich Village,88 7th Ave S,40.7333,-74.002,1974,2001,closed,Sharp commercial rent escalation and post-9/11 downturn in downtown nightlife,A weekly residence for Gil Evans and Art Blakey’s Jazz Messengers throughout the 1980s.,Produced an extensive catalog of live recordings before losing its lease.,,,core_dataset,src/data/venues.ts,"Opened in 1974 at 88 7th Ave South in Greenwich Village, Sweet Basil was a prominent jazz supper club through the 1980s and 1990s. The room paired an intimate wood-and-brick interior with acoustics suited to small groups and big bands.

Notable Musicians: Art Blakey & The Jazz Messengers, Gil Evans, McCoy Tyner, David Murray, and Cedar Walton.

Music: The club served as the weekend home for the Gil Evans Orchestra and Art Blakey's Jazz Messengers, yielding live recordings such as Art Blakey's Album of the Year and Gil Evans' Live at Sweet Basil."
11,0024,Smalls Jazz Club,commercial_club,bebop_mainstream,Manhattan,Greenwich Village,183 W 10th St,40.7345,-74.0024,1994,,open,,"Subterranean bastion of the late-night jam tradition, sustaining young prodigies through live streaming.",Founded by Mitch Borden; survived pandemic pressure through non-profit foundation listener support.,,,core_dataset,src/data/venues.ts,"Founded in 1994 by Mitch Borden in a cellar at 183 W 10th Street, Smalls became the epicenter of a late-night subculture for young jazz prodigies in Greenwich Village. Operating into the morning hours with a low admission fee and no commercial pressure, it nurtured a whole generation of modern jazz leaders.

Notable Musicians: Kurt Rosenwinkel, Brad Mehldau, Roy Hargrove, Mark Turner, Guillermo Klein, and Omer Avital.

Music: Known for marathon jam sessions that ran until 6 AM, Smalls developed a distinctive 1990s hard bop and modern jazz vocabulary, later becoming a pioneer in high-definition global live streaming for jazz."
12,0025,The Five Spot Café,avant_garde,downtown_avant_garde,Manhattan,East Village,5 Cooper Square,40.7291,-73.9904,1956,1976,closed,Demolition of Bowery/Cooper Square tenements for urban development,Where Thelonious Monk and John Coltrane spent the summer of 1957 changing the course of Western music.,The spiritual birthplace of free jazz where Ornette Coleman made his explosive New York debut in 1959.,,,core_dataset,src/data/venues.ts,"The Five Spot began at 5 Cooper Square in 1956 and later continued at 2 St. Marks Place. Run by the Termini brothers, it brought abstract expressionist painters, Beat writers, and avant-garde jazz musicians into the same informal room and supported extended engagements.

Notable Musicians: Thelonious Monk, John Coltrane, Ornette Coleman, Cecil Taylor, and Eric Dolphy.

Music: Thelonious Monk and John Coltrane's documented 1957 residency became an important chapter in both musicians' development, while Ornette Coleman's 1959 engagement introduced his quartet to New York audiences."
13,0026,Slugs' Saloon,avant_garde,downtown_avant_garde,Manhattan,East Village,242 E 3rd St,40.7222,-73.9804,1964,1972,closed,Neighborhood crime wave and the tragic backstage death of trumpeter Lee Morgan in 1972,The fiercest proving ground for hard bop and avant-garde pioneers like Albert Ayler and Sun Ra.,"Avenue B hangout for bohemian writers, artists, and musicians.",,,core_dataset,src/data/venues.ts,"Operating from 1964 to 1972 at 242 E 3rd Street in the East Village/Lower East Side, Slugs' was a dark, gritty saloon that became a crucial proving ground for hard bop and avant-garde jazz. Despite its hazardous neighborhood location, musicians revered the room for its long sets and uncompromising crowd.

Notable Musicians: Lee Morgan, Albert Ayler, Sun Ra, Wayne Shorter, Freddie Hubbard, and McCoy Tyner.

Music: Known for ferocious, extended solos and raw acoustic projection, Slugs' hosted Sun Ra’s Arkestra on Monday nights and was the venue where trumpeter Lee Morgan performed his final sets in 1972."
14,0011,Studio Rivbea,loft,loft_jazz,Manhattan,NoHo,24 Bond St,40.7265,-73.9931,1970,1980,closed,SoHo/NoHo industrial real estate re-zoning & conversion into multi-million dollar luxury lofts,Sam and Bea Rivers turned a derelict garment warehouse into the international nucleus of free improvisation.,Center of the 1976 Wildflowers loft jazz festival series.,,,core_dataset,src/data/venues.ts,"Established in 1970 by saxophonist Sam Rivers and his wife Beatrice at 24 Bond Street in NoHo, Studio Rivbea was the preeminent multi-level loft venue of New York's 1970s loft jazz movement. It provided complete creative and financial autonomy to improvising artists outside commercial club networks.

Notable Musicians: Sam Rivers, Dave Holland, Anthony Braxton, Arthur Blythe, Sunny Murray, and Hamiet Bluiett.

Music: Studio Rivbea hosted the landmark 1976 Wildflowers loft jazz festival, recorded across five live albums that captured the explosive growth of free improvisation and avant-garde composition."
15,0012,Ali's Alley,loft,loft_jazz,Manhattan,SoHo,77 Greene St,40.7231,-74.0006,1973,1979,closed,SoHo Cast-Iron district commercial rent boom & building acquisition,Coltrane drummer Rashied Ali created an artist-run sanctuary without commercial gatekeepers.,Now an ultra-luxury designer retail boutique on Greene Street.,,,core_dataset,src/data/venues.ts,"Founded in 1973 by master drummer Rashied Ali at 77 Greene Street, Ali’s Alley was an artist-run SoHo loft that combined a performance hall, rehearsal room, and musician hangout. It exemplified the DIY spirit of 1970s deindustrialized Manhattan before SoHo turned into a commercial shopping district.

Notable Musicians: Rashied Ali, David Murray, Oliver Lake, James ""Blood"" Ulmer, and Billy Bang.

Music: Centered around Ali’s intense, multi-directional rhythmic approach developed with John Coltrane, the club featured uninhibited modal and free jazz jams without commercial time constraints or gatekeepers."
16,0013,Ladies' Fort,loft,loft_jazz,Manhattan,NoHo,2 Bond St,40.7262,-73.9934,1976,1979,closed,Eviction for luxury loft conversion as Bond Street transformed into Manhattan’s priciest strip,"Run by percussionist Montego Joe; known for raw, marathon jam sessions with zero acoustic compromise.",Direct neighbor to Studio Rivbea during the height of the 1970s loft movement.,,,core_dataset,src/data/venues.ts,"Run by vocalist Joe Lee Wilson and percussionist Montego Joe at 2 Bond Street in NoHo from 1976 to 1979, Ladies' Fort was a vibrant, basement loft jazz space right next door to Studio Rivbea. It was famed for its intense summer festivals and welcoming collective energy.

Notable Musicians: Joe Lee Wilson, Archie Shepp, Montego Joe, Sheila Jordan, and Clifford Jordan.

Music: The loft specialized in vocal jazz innovation, extended blues jams, and African percussion explorations, hosting non-stop holiday marathons during the height of the downtown loft era."
17,0014,Studio We,loft,loft_jazz,Manhattan,Lower East Side,193 Eldridge St,40.7217,-73.9912,1970,1980,closed,Lower East Side building real estate consolidation & loss of DIY operating autonomy,"One of the earliest artist-run collectives in the Lower East Side, hosting free community concerts.",Co-founded by James DuBoise to give disenfranchised avant-garde artists performance autonomy.,,,core_dataset,src/data/venues.ts,"Co-founded in 1970 by trumpeter James DuBoise and Juma Sultan at 193 Eldridge Street, Studio We was one of the earliest Lower East Side loft spaces dedicated to artist self-determination, youth education, and community-driven music.

Notable Musicians: James DuBoise, Juma Sultan, Noah Howard, Frank Lowe, and Dewey Redman.

Music: Studio We hosted free outdoor neighborhood street festivals and indoor avant-garde workshops, blending free jazz with Afro-Caribbean rhythms and political education."
18,0015,Environ,loft,loft_jazz,Manhattan,SoHo,476 Broadway,40.7214,-73.9995,1976,1980,closed,SoHo commercial zoning shifts that priced out DIY artist cooperatives,Pianist John Fischer’s loft showcased the Composers in Performance series and avant-garde multimedia art.,Hosted multi-day loft marathons during the peak of downtown deindustrialization.,,,core_dataset,src/data/venues.ts,"Established in 1976 by pianist John Fischer at 476 Broadway in SoHo, Environ was a multi-disciplinary loft space that integrated free jazz performance with contemporary classical composition, performance art, and graphic design.

Notable Musicians: John Fischer, Marion Brown, Lester Bowie, Wadada Leo Smith, and Perry Robinson.

Music: Known for hosting the Composers in Performance series, Environ provided a sonic laboratory for electro-acoustic experimentation, graphic scores, and microtonal improvisation."
19,0006,Tonic,avant_garde,downtown_avant_garde,Manhattan,Lower East Side,107 Norfolk St,40.721,-73.9882,1998,2007,closed,Luxury high-rise condo boom on Norfolk St & exponential commercial lease renegotiation,Apartment high-rises went up on either side of the club. The new leases were engineered to price out culture.,Musicians including John Zorn and Marc Ribot staged a historic sit-in protest on the final night.,,,core_dataset,src/data/venues.ts,"Operating from 1998 to 2007 at 107 Norfolk Street in a former kosher wine cellar, Tonic was the flagship performance space for the Lower East Side avant-garde, experimental jazz, and Radical Jewish Culture movements.

Notable Musicians: John Zorn, Marc Ribot, Medeski Martin & Wood, Laurie Anderson, and Vijay Iyer.

Music: Tonic hosted John Zorn’s curated series and marathon benefit concerts, fostering genre-defying collaborations between jazz improvisers, noise artists, and experimental rock musicians until gentrification forced its closure."
20,0019,The Knitting Factory (Original),loft,downtown_avant_garde,Manhattan,Lower East Side,47 E Houston St,40.7247,-73.9944,1987,1994,relocated,"Rapid commercial growth & relocation to Tribeca, later migrating across to Williamsburg Brooklyn","The 1980s intersection of jazz improvisation, noise rock, and downtown downtown art culture.",Its migration from Houston St to Leonard St and eventually Brooklyn mirrored the spatial trajectory of NYC artists.,,,core_dataset,src/data/venues.ts,"Opened in 1987 at 47 E Houston Street, the original Knitting Factory was a groundbreaking multi-level downtown club where jazz, punk, avant-garde noise, and visual art intersected in late-1980s Manhattan.

Notable Musicians: Bill Frisell, Wayne Horvitz, Cassandra Wilson, Ronald Shannon Jackson, and Thomas Chapin.

Music: The venue pioneered eclectic genre-crossing programming, launching its own record label and festival series that defined the late-80s ""Knitting Factory sound"" of electric, boundary-pushing jazz."
21,0016,Sistas' Place,commercial_club,brooklyn_continuation,Brooklyn,Bedford-Stuyvesant,456 Nostrand Ave,40.6806,-73.9501,1995,,open,,African American culture and political struggle preserved in the heart of Bed-Stuy as Manhattan rents peaked.,Designated an official Historic Landmark; founded by civil rights activist Viola Plummer.,,,core_dataset,src/data/venues.ts,"Founded in 1995 by civil rights activist Viola Plummer at 456 Nostrand Avenue in Bedford-Stuyvesant, Sistas' Place is a historic Black-owned cultural institution and designated landmark that links jazz performance directly to African American political struggle and community empowerment.

Notable Musicians: Randy Weston, Ahmed Abdullah, Reggie Workman, Craig Harris, and Charles Tolliver.

Music: Operating under the banner ""Jazz: A Music of the African Diaspora,"" the club hosts Saturday night performance series featuring straight-ahead, hard bop, and spiritual jazz masters."
22,0017,Barbès,commercial_club,brooklyn_continuation,Brooklyn,Park Slope,376 9th St,40.6681,-73.984,2002,,open,,A back-room sanctuary nurturing cross-genre brass bands and avant-garde improvisers across the river.,Became an indispensable incubator for Brooklyn’s creative music renaissance.,,,core_dataset,src/data/venues.ts,"Opened in 2002 by French musicians Olivier Conan and Vincent Douglas at 376 9th Street in Park Slope, Barbès became an essential Brooklyn incubator for creative music, pairing an intimate performance back-room with a neighborhood bar vibe.

Notable Musicians: Stephane Wrembel, Guillermo Klein, Slavic Soul Party!, Sexmob, and Tony Scherr.

Music: Barbès fostered eclectic multi-genre residencies, ranging from Gypsy swing and Brooklyn brass ensembles to modern jazz improvisation and South American chicha."
23,0027,Roulette Intermedium (Brooklyn),avant_garde,brooklyn_continuation,Brooklyn,Downtown Brooklyn,509 Atlantic Ave,40.6853,-73.9822,2010,,open,,"Operating in SoHo since 1978, Roulette migrated to an Art Deco ballroom in Brooklyn when Manhattan rents exploded.","Performing arts incubator for experimental music, improvisation, and avant-garde jazz.",,,core_dataset,src/data/venues.ts,"Founded in SoHo in 1978 and relocated in 2010 to a renovated 1920s Art Deco theater at 509 Atlantic Avenue in Downtown Brooklyn, Roulette is a nonprofit venue for experimental music, avant-garde jazz, and interdisciplinary art.

Notable Musicians: Anthony Braxton, Henry Threadgill, Wadada Leo Smith, Roscoe Mitchell, and Zeena Parkins.

Music: Its theater supports premieres, multi-day composer retrospectives, electroacoustic work, and high-fidelity archival recordings of contemporary creative music."
24,0028,ShapeShifter Lab,avant_garde,brooklyn_continuation,Brooklyn,Gowanus,18 Whitwell Pl,40.6761,-73.9877,2011,2021,closed,Gowanus massive neighborhood re-zoning & pandemic commercial lease non-renewal,"Founded by bassist Matthew Garrison as a 4,000-sq-ft haven for genre-defying creative experimentation.",Industrial Gowanus space displaced when industrial properties were rezoned for high-density luxury residential.,,,core_dataset,src/data/venues.ts,"Co-founded in 2011 by electric bassist Matthew Garrison and Fortuna Sung at 18 Whitwell Place in Gowanus, ShapeShifter Lab converted a 4,000-square-foot industrial warehouse into a flexible, artist-driven performance and recording space.

Notable Musicians: Matthew Garrison, Jack DeJohnette, Ravi Coltrane, John McLaughlin, and Nicholas Payton.

Music: Designed for pristine acoustic clarity and digital multimedia integration, the space hosted innovative electronic jazz, complex rhythm workshops, and large ensemble performances."
25,early-cotton-club,Cotton Club (Harlem),commercial_club,harlem_jazz,Manhattan,Harlem,644 Lenox Ave (at W 142nd St),40.8198,-73.9364,1923,1936,relocated,,"A nationally broadcast showcase for Duke Ellington and Cab Calloway, performed by Black artists for a segregated white audience.",The original Harlem room operated from 1923 to 1936 before the Cotton Club name moved downtown. Closure economics are not inferred.,https://s-media.nyc.gov/agencies/lpc/lp/2671.pdf,NYC Landmarks Preservation Commission,early_jazz_import,src/data/earlyJazzVenues.ts,"Operating from 1923 to 1936 at 644 Lenox Avenue (at 142nd St), the original Harlem Cotton Club was a nationally known Prohibition-era nightspot that presented Black performers to segregated, predominantly white audiences in a jungle-themed showroom.

Notable Musicians: Duke Ellington, Cab Calloway, Ethel Waters, Ivie Anderson, and Louis Armstrong.

Music: Duke Ellington’s residency from 1927 to 1931 developed his ""jungle style"" compositions and reached nationwide audiences through NBC radio broadcasts."
26,early-connies-inn,Connie's Inn,commercial_club,harlem_jazz,Manhattan,Harlem,2221 7th Ave (at W 131st St),40.8112,-73.9467,1923,1934,relocated,The Depression and repeal of Prohibition weakened Harlem nightclub business; Connie’s Inn left Harlem for a downtown location.,"A major Prohibition-era Harlem cabaret whose stage featured Fats Waller, Fletcher Henderson, and Louis Armstrong.",The LPC report dates the Harlem venue to 1923–1934; James Haskins documents the economic pressures and the move downtown.,https://ufl.pb.unizin.org/cottonclub/chapter/chapter-5-prohibition-is-repealed-and-the-depression-deepens/,University of Florida Pressbooks,early_jazz_import,src/data/earlyJazzVenues.ts,"Founded in 1923 by Connie and George Immerman at 2221 7th Avenue (at 131st St), Connie’s Inn was a major Prohibition-era cabaret known for elaborate musical revues and prominent jazz headliners.

Notable Musicians: Louis Armstrong, Fats Waller, Fletcher Henderson, Earl Hines, and Don Redman.

Music: The venue premiered Fats Waller's musical revue Hot Chocolates in 1929, featuring Louis Armstrong’s solo performance of ""Ain't Misbehavin'""."
27,early-smalls-paradise,Small's Paradise,commercial_club,harlem_jazz,Manhattan,Harlem,2294 7th Ave (at W 135th St),40.81528,-73.94417,1925,1986,closed,The business went bankrupt and its furniture was sold.,"Ed Smalls created a Black-owned, racially integrated Harlem nightclub that endured across six decades.",The LPC report identifies a 1925 opening; Leonard Feather reported the 1986 bankruptcy after speaking with John Hammond.,https://www.latimes.com/archives/la-xpm-1986-05-11-ca-5382-story.html,Los Angeles Times,early_jazz_import,src/data/earlyJazzVenues.ts,"Established in 1925 by Ed Smalls at 2294 7th Avenue (at 135th St), Small's Paradise was a Black-owned Harlem nightclub that operated for six decades. Unlike the Cotton Club, it welcomed integrated audiences and became known for its dancing waiters and after-hours jam sessions.

Notable Musicians: Willie ""The Lion"" Smith, James P. Johnson, Roy Eldridge, Ray Charles, and King Curtis.

Music: Hosted Harlem stride piano battles in the 1920s and 1930s, then became a setting for organ-trio soul jazz in the 1950s and 1960s."
28,early-savoy-ballroom,Savoy Ballroom,commercial_club,harlem_jazz,Manhattan,Harlem,596–600 Lenox Ave (W 140th–141st Sts),40.8177,-73.9369,1926,1958,closed,Postwar Harlem decline and the waning popularity of big-band jazz made bookings harder; the site was then cleared for the Delano Village housing project.,"The integrated “Home of Happy Feet” made Chick Webb’s orchestra, battles of the bands, and the Lindy Hop central to swing culture.",The LPC report dates the Savoy to 1926–1958; the Encyclopedia of African-American Culture and History documents its commercial decline and redevelopment.,https://www.encyclopedia.com/history/encyclopedias-almanacs-transcripts-and-maps/savoy-ballroom,Encyclopedia of African-American Culture and History,early_jazz_import,src/data/earlyJazzVenues.ts,"Opened in 1926 at 596 Lenox Avenue in Harlem, the Savoy Ballroom was a major swing dance palace. Spanning an entire city block, the integrated ""Home of Happy Feet"" hosted up to 4,000 dancers a night with two side-by-side bandstands.

Notable Musicians: Chick Webb, Ella Fitzgerald, Count Basie, Benny Goodman, and Erskine Hawkins.

Music: Its double-bandstand ""battle of the bands"" featured Chick Webb's orchestra and helped establish swing rhythm and the Lindy Hop as central forms of Harlem dance culture."
29,early-hickory-house,Hickory House,commercial_club,bebop_mainstream,Manhattan,Midtown,144 W 52nd St,40.7622,-73.9812,1933,1968,closed,,"A long-running Swing Street steakhouse and jazz room associated with Joe Marsala and, later, Marian McPartland.","A 1963 New Yorker profile records that the owners rented and rebuilt the room in 1933, then marked its thirtieth anniversary.",https://www.newyorker.com/magazine/1963/02/23/talent-scout-2,The New Yorker,early_jazz_import,src/data/earlyJazzVenues.ts,"Operating from 1933 to 1968 at 144 W 52nd St, Hickory House was a popular Swing Street steakhouse where patrons sat around a large circular bar with an elevated bandstand built right in the center.

Notable Musicians: Joe Marsala, Marian McPartland, Adele Girard, Mary Lou Williams, and J.C. Higginbotham.

Music: Clarinetist Joe Marsala led one of 52nd Street’s early integrated swing groups here in the 1930s, and pianist Marian McPartland maintained a celebrated long-term trio residency through the 1950s and 1960s."
30,early-jimmy-ryans,Jimmy Ryan's,commercial_club,bebop_mainstream,Manhattan,Midtown,53 W 52nd St,40.76002,-73.97735,1934,1962,relocated,,A 52nd Street center for traditional jazz and Sunday jam sessions that outlasted most of its Swing Street neighbors.,The record describes the original 52nd Street room only; it relocated to West 54th Street in 1962. LOC photographs document its 1940s jazz program.,https://www.loc.gov/item/2023868400/,Library of Congress,early_jazz_import,src/data/earlyJazzVenues.ts,"Located at 53 W 52nd St from 1934 to 1962, Jimmy Ryan’s was the steadfast home for Dixieland, traditional New Orleans, and Chicago-style swing on a street that increasingly favored modern bebop.

Notable Musicians: Sidney Bechet, Roy Eldridge, Coleman Hawkins, Zutty Singleton, and Wilbur De Paris.

Music: Dedicated to unamplified traditional jazz, the club was famous for its energetic Sunday jam sessions and Sidney Bechet’s soaring soprano saxophone performances."
31,early-three-deuces,Three Deuces,commercial_club,bebop_mainstream,Manhattan,Midtown,72 W 52nd St,40.76025,-73.97815,1937,1950,closed,,A cellar club where the Swing Street audience heard the emerging language of bebop at close range.,"The operating span is normalized to the established 1937–1950 chronology; LOC records directly document Miles Davis, Coleman Hawkins, Charlie Parker, and others at the club in 1947.",https://www.loc.gov/item/2023867832/,Library of Congress,early_jazz_import,src/data/earlyJazzVenues.ts,"Situated at 72 W 52nd St from 1937 to 1950, the Three Deuces was a compact basement club that played a pivotal role in transitioning Swing Street into the incubator for modern bebop.

Notable Musicians: Charlie Parker, Miles Davis, Coleman Hawkins, Art Tatum, Erroll Garner, and George Shearing.

Music: Coleman Hawkins recorded his historic 1939 masterpiece ""Body and Soul"" shortly after appearing here, and Charlie Parker and Miles Davis co-led groundbreaking 1947 bebop quintet sets on its stage."
32,early-downbeat-club,Downbeat Club,commercial_club,bebop_mainstream,Manhattan,Midtown,66 W 52nd St,40.76017,-73.97795,1944,1948,closed,,"A compact 52nd Street room photographed with Billie Holiday, Sarah Vaughan, Dizzy Gillespie, and Art Tatum on its stage.",The Library of Congress identifies the Downbeat Club at this address from 1944 to 1948.,https://www.loc.gov/static/collections/gerry-mulligan/articles-and-essays/jeru-in-the-words-of-gerry-mulligan/charlie-parker.html,Library of Congress,early_jazz_import,src/data/earlyJazzVenues.ts,"Operating from 1944 to 1948 at 66 W 52nd St, the Downbeat Club was a mid-1940s Swing Street venue where established swing musicians and younger bebop players shared the same bill.

Notable Musicians: Billie Holiday, Dizzy Gillespie, Sarah Vaughan, Coleman Hawkins, and Art Tatum.

Music: The club hosted vocal sets by Billie Holiday and Sarah Vaughan, as well as early small-group bebop showcases photographed extensively by William P. Gottlieb."
33,early-royal-roost,Royal Roost,commercial_club,bebop_mainstream,Manhattan,Times Square,1580 Broadway (at W 47th St),40.7592,-73.9852,1948,1950,closed,Ralph Watkins left to open the better-funded Bop City; the Roost could not compete for acts and soon closed.,The “Metropolitan Bopera House” gave bebop a Broadway home and carried its performances over Symphony Sid’s radio broadcasts.,JazzTimes traces the club’s 1948 bebop breakthrough and the ownership split that preceded its closure.,https://www.jazztimes.com/features/profiles/after-hours-new-yorks-jazz-joints-through-the-ages/,JazzTimes,early_jazz_import,src/data/earlyJazzVenues.ts,"Located at 1580 Broadway (at 47th St) from 1948 to 1950, the Royal Roost was dubbed the ""Metropolitan Bopera House."" It was the first Broadway-area venue to explicitly feature bebop as its primary attraction.

Notable Musicians: Miles Davis, Charlie Parker, Tadd Dameron, Dexter Gordon, and Fats Navarro.

Music: Broadcaster Symphony Sid Torin broadcast live nightly sets over WMCA radio from the club, and Miles Davis debuted his nine-piece Birth of the Cool nonet on this stage in September 1948."
34,vp-arthurs-tavern,Arthur's Tavern,commercial_club,bebop_mainstream,Manhattan,West Village,57 Grove St,40.733208,-74.003453,1937,,open,,,Village Preservation directory date label: 1937–present. Address and dates are source-derived.,https://jazzmap.villagepreservation.org/,Village Preservation Jazz Map,village_preservation_import,src/data/villagePreservationVenues.ts,"Established in 1937 at 57 Grove Street in the West Village, Arthur's Tavern is one of New York's oldest continuous music bars, housed in a historic 19th-century building with classic dark wood paneling and an intimate bar setup.

Notable Musicians: Roy Hargrove, Harold Mabern, Jimmy Ryan regulars, and the Grove Street Stompers.

Music: Famous for its long-running weeknight residencies of Dixieland swing, blues, and straight-ahead jazz, including the Grove Street Stompers who performed every Monday for decades."
35,vp-boomers,Boomer's,commercial_club,bebop_mainstream,Manhattan,West Village,340 Bleecker St,40.733813,-74.00469,1969,1977,closed,,,Village Preservation directory date label: 1969–1977. Address and dates are source-derived.,https://jazzmap.villagepreservation.org/,Village Preservation Jazz Map,village_preservation_import,src/data/villagePreservationVenues.ts,"Operating from 1969 to 1977 at 340 Bleecker Street in the West Village, Boomer's was a warm, brick-walled club that paired food service with hard bop and modern jazz.

Notable Musicians: Cedar Walton, Buster Williams, Junior Cook, Woody Shaw, and Houston Person.

Music: Pianist Cedar Walton recorded the live albums Firm Roots and Pit Inn at Boomer's, documenting the club's acoustic hard bop program in the 1970s."
36,vp-bottom-line,The Bottom Line,commercial_club,downtown_avant_garde,Manhattan,Greenwich Village,15 W 4th St,40.729177,-73.99501,1974,2004,closed,"New York University evicted the club after failed lease negotiations and roughly $190,000 in back rent.",,Village Preservation directory date label: 1974–2004. Address and dates are source-derived. Contemporary reporting documents the rent dispute and eviction.,https://www.latimes.com/archives/la-xpm-2003-dec-23-et-duke23-story.html,Los Angeles Times,village_preservation_import,src/data/villagePreservationVenues.ts,"Operating from 1974 to 2004 at 15 W 4th Street, The Bottom Line was a 400-seat Greenwich Village cabaret hub where major jazz figures, rock icons, and folk songwriters performed on a state-of-the-art stage.

Notable Musicians: Miles Davis, Charles Mingus, Sonny Rollins, Weather Report, and Brecker Brothers.

Music: The club hosted historic fusion and modern jazz sets, including Miles Davis’ mid-1970s electric groups and Charles Mingus’ late career big band performances."
37,vp-cafe-au-go-go,Café Au Go Go / Gaslight at the Au Go Go,commercial_club,downtown_avant_garde,Manhattan,Greenwich Village,152 Bleecker St,40.728122,-73.999618,1964,1970,closed,,,Village Preservation directory date label: 1964–1970. Address and dates are source-derived.,https://jazzmap.villagepreservation.org/,Village Preservation Jazz Map,village_preservation_import,src/data/villagePreservationVenues.ts,"Located at 152 Bleecker Street from 1964 to 1970, this subterranean Greenwich Village venue was a famous counterculture hub for folk, comedy, blues, and avant-garde jazz.

Notable Musicians: Bill Evans, Stan Getz, Astrud Gilberto, Roland Kirk, and John Handy.

Music: Stan Getz and Astrud Gilberto recorded Getz Au Go Go here in 1964, helping propel the bossa nova sound across America alongside Bill Evans' delicate trio performances."
38,vp-cafe-society,Café Society,commercial_club,bebop_mainstream,Manhattan,West Village,2 Sheridan Square,40.732823,-74.001946,1938,1949,closed,HUAC-era guilt-by-association attacks over owner Barney Josephson’s brother caused attendance to collapse and forced the club out of business.,,Village Preservation directory date label: 1938–1948. Address and dates are source-derived. Later scholarship dates the downtown club’s final closure to March 1949.,https://core.ac.uk/download/56111693.pdf,University of Maryland dissertation via CORE,village_preservation_import,src/data/villagePreservationVenues.ts,"Founded in 1938 by Barney Josephson at 2 Sheridan Square in the West Village, Café Society was America's first intentionally racially integrated nightclub outside Harlem, operating under the slogan ""The Wrong Place for the Right People.""

Notable Musicians: Billie Holiday, Sarah Vaughan, Hazel Scott, Lena Horne, Teddy Wilson, and Big Joe Turner.

Music: Billie Holiday debuted her landmark anti-lynching anthem ""Strange Fruit"" here in 1939, performing it under a spotlight in total silence as the club's signature ritual."
39,vp-central-plaza,Central Plaza,commercial_club,bebop_mainstream,Manhattan,East Village,111 2nd Ave,40.727841,-73.988642,1949,1963,closed,,,Village Preservation directory date label: 1949–1963. Address and dates are source-derived.,https://jazzmap.villagepreservation.org/,Village Preservation Jazz Map,village_preservation_import,src/data/villagePreservationVenues.ts,"Operating from 1949 to 1963 at 111 2nd Avenue in the East Village, Central Plaza was a second-floor hall famous for weekend traditional jazz revivals that brought together veteran swing stars and enthusiastic college crowds.

Notable Musicians: Willie ""The Lion"" Smith, Conrad Janis, Jimmy McPartland, Max Kaminsky, and Pee Wee Russell.

Music: The hall specialized in high-energy Dixieland jam sessions, brass battles, and festive traditional swing dance parties."
40,vp-cookery,The Cookery,commercial_club,bebop_mainstream,Manhattan,Greenwich Village,21 University Pl,40.731694,-73.994089,1970,1984,closed,Owner Barney Josephson had grown weary of the club business and of contemporary musical styles he did not wish to program.,,Village Preservation directory date label: 1970–1984. Address and dates are source-derived.. Josephson later described why he ended his final music venue.,https://www.latimes.com/archives/la-xpm-1988-10-01-mn-3945-story.html,Los Angeles Times,village_preservation_import,src/data/villagePreservationVenues.ts,"Opened in 1970 by Barney Josephson at 21 University Place in Greenwich Village, The Cookery was an intimate restaurant-club that helped bring renewed attention to veteran jazz and blues women.

Notable Musicians: Alberta Hunter, Mary Lou Williams, Rose Murphy, Helen Humes, and Ellis Larkins.

Music: Blues singer Alberta Hunter began a widely celebrated comeback residency here in 1977 at age 82, performing regularly until shortly before her death in 1984."
41,vp-east-village-in,East Village In / Jazzboat,commercial_club,downtown_avant_garde,Manhattan,East Village,101 Avenue A,40.725862,-73.984038,1968,1979,closed,,,Village Preservation directory date label: late 1960s–late 1970s (normalized to 1968–1979). Address and dates are source-derived.,https://jazzmap.villagepreservation.org/,Village Preservation Jazz Map,village_preservation_import,src/data/villagePreservationVenues.ts,"Located at 101 Avenue A in the East Village from 1968 to 1979, this neighborhood venue served as an informal, soul-jazz and hard-bop sanctuary during the downtown artistic transformation of the late 1960s and 1970s.

Notable Musicians: Harold Mabern, Lee Morgan, Cedar Walton, Junior Cook, and Blue Mitchell.

Music: Known for intense, groove-driven hard bop jam sessions that drew local East Village musicians and neighborhood jazz aficionados."
42,vp-eddie-condons,Eddie Condon's,commercial_club,bebop_mainstream,Manhattan,Greenwich Village,47 W 3rd St,40.729437,-73.997217,1945,1958,relocated,"The West 3rd Street lease expired, and Condon moved the club to 330 E 56th St.",,Village Preservation directory date label: 1945–1961. Address and dates are source-derived. The original downtown room actually ended in 1958; the later date conflates it with the uptown incarnation.,https://chiaroscurojazz.org/eddie-condon/,Chiaroscuro Jazz / WVIA Public Media,village_preservation_import,src/data/villagePreservationVenues.ts,"Established in 1945 by rhythm guitarist Eddie Condon at 47 W 3rd Street, this Greenwich Village club was the World War II and postwar headquarters for Condon-style Chicago and traditional Dixieland jazz.

Notable Musicians: Eddie Condon, Wild Bill Davison, Pee Wee Russell, Bud Freeman, and Edmond Hall.

Music: Famed for ensemble counterpoint, blistering tempos, and unscripted jam sessions that kept traditional swing alive during the height of the bebop era."
43,vp-hot-feet-club,Hot Feet Club,commercial_club,bebop_mainstream,Manhattan,Greenwich Village,142 W Houston St,40.728141,-74.001656,1928,1933,closed,,,Village Preservation directory date label: approximately 1928–1933. Address and dates are source-derived.,https://jazzmap.villagepreservation.org/,Village Preservation Jazz Map,village_preservation_import,src/data/villagePreservationVenues.ts,"Operating from 1928 to 1933 at 142 W Houston Street on the Greenwich Village border, the Hot Feet Club was an early speakeasy cabaret that brought Harlem-style jazz and blues performance into lower Manhattan.

Notable Musicians: Fats Waller, James P. Johnson, and local stride pianists.

Music: Focused on late-night Prohibition stride piano, blues accompaniment, and energetic acoustic dance music."
44,vp-jazz-gallery,Jazz Gallery,commercial_club,downtown_avant_garde,Manhattan,East Village,78–80 St Marks Pl,40.727592,-73.985883,1959,1964,closed,,,Village Preservation directory date label: 1959–1964; the address later became Theater 80. Address and dates are source-derived.,https://jazzmap.villagepreservation.org/,Village Preservation Jazz Map,village_preservation_import,src/data/villagePreservationVenues.ts,"Located at 78–80 St. Marks Place from 1959 to 1964, the original Jazz Gallery was a spacious, influential East Village club run by the Termini brothers of Five Spot fame.

Notable Musicians: Thelonious Monk, John Coltrane, Horace Silver, Miles Davis, and Charles Mingus.

Music: Thelonious Monk held major extended residencies here, and Lord Buckley recorded his live comedy-jazz albums on its stage."
45,vp-lush-life,Lush Life,commercial_club,downtown_avant_garde,Manhattan,Greenwich Village,184 Thompson St,40.7288,-73.99995,1981,1985,closed,New York City’s cabaret “no-horns” restriction prevented its horn-led live-jazz program; the space became a restaurant.,,Village Preservation directory date label: 1981–1985. Address and dates are source-derived.. Leonard Feather identified the no-horns rule as the cause.,https://www.latimes.com/archives/la-xpm-1986-05-11-ca-5382-story.html,Los Angeles Times,village_preservation_import,src/data/villagePreservationVenues.ts,"Operating from 1981 to 1985 at 184 Thompson Street in Greenwich Village, Lush Life was a contemporary jazz room that presented established modern jazz artists before closing under NYC cabaret restrictions.

Notable Musicians: McCoy Tyner, Chet Baker, Bobby Hutcherson, Joe Henderson, and Gary Burton.

Music: Focused on acoustic small groups, including residencies by McCoy Tyner and Chet Baker’s return engagements in New York."
46,vp-nicks-tavern,Nick's Tavern,commercial_club,bebop_mainstream,Manhattan,West Village,140 7th Ave S,40.734738,-74.002402,1922,1963,closed,The final incarnation lost its lease after years of waning demand for Dixieland jazz.,,Village Preservation directory date label: 1922–1963. Address and dates are source-derived. The directory record combines several locations; the documented closure concerns the final Seventh Avenue South room.,https://www.villagevoice.com/dixieland-in-the-village-old-nicks-is-nixed/,The Village Voice,village_preservation_import,src/data/villagePreservationVenues.ts,"Founded in 1922 by Nick Rongetti at 140 7th Ave South, Nick's was a cornerstone West Village institution for traditional Dixieland jazz, thick steaks, and hot jam sessions for over four decades.

Notable Musicians: Muggsy Spanier, Bobby Hackett, Pee Wee Russell, Eddie Condon, and Miff Mole.

Music: Muggsy Spanier’s Ragtime Band made historic recordings associated with the room, defining the crisp, driving ""Nicksieland"" sound."
47,vp-open-door,Open Door,commercial_club,bebop_mainstream,Manhattan,Greenwich Village,55 W 3rd St,40.72961,-73.99705,1950,1959,closed,,,Village Preservation directory date label: 1950s (normalized to 1950–1959). Address and dates are source-derived.,https://jazzmap.villagepreservation.org/,Village Preservation Jazz Map,village_preservation_import,src/data/villagePreservationVenues.ts,"Located at 55 W 3rd Street in Greenwich Village during the 1950s, the Open Door was a casual, bohemian jazz room favored by Charlie Parker and young bebop players.

Notable Musicians: Charlie Parker, Thelonious Monk, Roy Haynes, Charles Mingus, and Art Blakey.

Music: Charlie Parker performed numerous Sunday afternoon jam sessions here, recorded on rare bootleg tapes that capture his late-period live brilliance."
48,vp-pepper-pot,The Pepper Pot / Club Chantilly,commercial_club,bebop_mainstream,Manhattan,Greenwich Village,146 W 4th St,40.73126,-74.000621,1918,1949,closed,,,Village Preservation directory date label: 1918–late 1940s (normalized to 1949). Address and dates are source-derived.,https://jazzmap.villagepreservation.org/,Village Preservation Jazz Map,village_preservation_import,src/data/villagePreservationVenues.ts,"Operating from 1918 to 1949 at 146 W 4th Street, The Pepper Pot was an early bohemian Greenwich Village tearoom and speakeasy that hosted early jazz trios, stride pianists, and literary figures.

Notable Musicians: Early Village stride pianists and acoustic swing guitarists.

Music: Featured intimate, unamplified background jazz, blues, and ragtime that set the tone for Greenwich Village nightlife in the 1920s and 30s."
49,vp-seventh-avenue-south,Seventh Avenue South,commercial_club,downtown_avant_garde,Manhattan,West Village,21 7th Ave S,40.730269,-74.004469,1977,1987,closed,,,Village Preservation directory date label: 1977–1987. Address and dates are source-derived.,https://jazzmap.villagepreservation.org/,Village Preservation Jazz Map,village_preservation_import,src/data/villagePreservationVenues.ts,"Founded in 1977 by brothers Michael and Randy Brecker at 21 7th Ave South, Seventh Avenue South was the flagship West Village room for 1970s and 80s jazz-fusion, funk-jazz, and studio virtuosity.

Notable Musicians: The Brecker Brothers, Jaco Pastorius, Mike Stern, Dave Weckl, Bob Mintzer, and Steps Ahead.

Music: The club was the incubator for the electric fusion supergroup Steps Ahead and hosted Jaco Pastorius’ late-night jam sessions."
50,vp-stuyvesant-casino,Stuyvesant Casino,commercial_club,bebop_mainstream,Manhattan,East Village,140–142 2nd Ave,40.728844,-73.987023,1910,1959,closed,,,Village Preservation directory date label: 1910–1950s (normalized to 1959). Address and dates are source-derived.,https://jazzmap.villagepreservation.org/,Village Preservation Jazz Map,village_preservation_import,src/data/villagePreservationVenues.ts,"Located at 140–142 2nd Avenue in the East Village, this historic catering hall hosted landmark traditional jazz revival concerts from 1945 into the 1950s.

Notable Musicians: Bunk Johnson, Sidney Bechet, George Lewis, Baby Dodds, and Wild Bill Davison.

Music: Bunk Johnson’s 1945 return engagements here sparked the national New Orleans jazz revival movement, introducing original traditional jazz styles to post-war NYC."
51,vp-tin-palace,Tin Palace,commercial_club,downtown_avant_garde,Manhattan,East Village,325 Bowery,40.725659,-73.991741,1973,1979,closed,,,Village Preservation directory date label: 1973–1979. Address and dates are source-derived.,https://jazzmap.villagepreservation.org/,Village Preservation Jazz Map,village_preservation_import,src/data/villagePreservationVenues.ts,"Located at 325 Bowery at 2nd Street from 1973 to 1979, Tin Palace was a vibrant artist hangout that served as a crucial bridge between avant-garde loft jazz and neighborhood venue presentation.

Notable Musicians: Stanley Cowell, Charles Tyler, Roswell Rudd, Jimmy Giuffre, and David Murray.

Music: Hosted the World Saxophone Quartet’s early rehearsals and performances, along with poetry-and-jazz series that defined the 1970s Bowery arts scene."
52,current-blue-note,Blue Note New York,commercial_club,mainstream_jazz,Manhattan,Greenwich Village,131 W 3rd St,40.730952,-74.000633,1981,,open,,"A globally recognized Village room that pairs established headliners with younger jazz, soul, and improvising artists.",The official history dates the club to 1981; Big Apple Jazz lists it as operating seven days a week.,https://www.bluenotejazz.com/nyc/about/,Blue Note New York,current_jazz_import,src/data/currentJazzVenues.ts,"Opened in 1981 by Danny Bensusan at 131 W 3rd Street in Greenwich Village, Blue Note New York is a long-running jazz club presenting established headliners in an intimate listening room.

Notable Musicians: Sarah Vaughan, Dizzy Gillespie, Ray Charles, Oscar Peterson, Chick Corea, and Robert Glasper.

Music: Known for multi-night headliner residencies and live album recordings, including Oscar Peterson's Saturday Night at the Blue Note and Robert Glasper's annual fall residencies."
53,current-birdland,Birdland Jazz Club & Theater,commercial_club,mainstream_jazz,Manhattan,Midtown West,315 W 44th St,40.759103,-73.989644,1986,,open,,The revived Birdland carries the historic name into a contemporary Midtown club and theater program.,Birdland records its 1986 reopening and identifies 315 W 44th St as its present address.,https://www.birdlandjazz.com/about/,Birdland Jazz Club & Theater,current_jazz_import,src/data/currentJazzVenues.ts,"Opened in 1986 at 315 W 44th Street in Midtown West, this modern incarnation honors the legacy of the original 52nd St/Broadway club with a spacious supper club room and theater.

Notable Musicians: Dave Brubeck, Tito Puente, Joe Lovano, Ron Carter, Kurt Elling, and Arturo O'Farrill.

Music: Home to the Grammy-winning Afro Latin Jazz Orchestra and weekly residencies by jazz vocalists, big bands, and established contemporary artists."
54,current-iridium,The Iridium,commercial_club,mainstream_jazz,Manhattan,Midtown West,1650 Broadway,40.761757,-73.983274,1994,,open,,"A Times Square listening room shaped by Les Paul’s long residency and a broad jazz, blues, and guitar program.",Opened in 1994 on 63rd Street and moved to its present Broadway address in 2001.,https://www.theiridium.com/about,The Iridium,current_jazz_import,src/data/currentJazzVenues.ts,"Opened in 1994 and relocated to 1650 Broadway at 51st Street in Times Square, The Iridium is a subterranean guitar and jazz sanctuary famous for its association with guitar pioneer Les Paul.

Notable Musicians: Les Paul, Jeff Beck, Mike Stern, Stanley Jordan, Larry Carlton, and Pat Martino.

Music: Host to guitar icon Les Paul's weekly Monday night residency for over 14 years, attracting rock and jazz legends to jam alongside him."
55,current-jazz-gallery,The Jazz Gallery,avant_garde,mainstream_jazz,Manhattan,NoMad,"1158 Broadway, 5th Floor",40.744561,-73.988604,1995,,open,,A nonprofit incubator where emerging composers and improvisers develop ambitious new work before intimate audiences.,Founded in 1995; the organization moved from SoHo to its present NoMad space in 2012.,https://jazzgallery.org/about-1,The Jazz Gallery,current_jazz_import,src/data/currentJazzVenues.ts,"Founded in 1995 by Roy Hargrove and Dale Fitzgerald and currently located at 1158 Broadway (5th Floor) in NoMad, The Jazz Gallery is an international non-profit incubator for international creative music and emerging composers.

Notable Musicians: Roy Hargrove, Ambrose Akinmusire, Esperanza Spalding, Miguel Zenón, and Joel Ross.

Music: Recipient of the ASCAP Szymanowski Award, it commissions new works and provides residency grants for forward-thinking jazz composers."
56,current-smoke,Smoke Jazz Club,commercial_club,mainstream_jazz,Manhattan,Upper West Side,2751 Broadway,40.801174,-73.968364,1999,,open,,A classic Upper West Side listening room that continued the musical lineage of Augie’s and expanded after the pandemic.,"Opened April 9, 1999 and reopened after a major expansion in 2022.",https://www.wbgo.org/music/2022-06-06/smoke-jazz-club-reopens-after-its-pandemic-pause-bigger-and-better,WBGO,current_jazz_import,src/data/currentJazzVenues.ts,"Opened in 1999 at 2751 Broadway on the Upper West Side in the former Augie's space, Smoke is an acoustic listening room offering candlelit supper club dining and close audience contact.

Notable Musicians: Harold Mabern, George Coleman, Cedar Walton, Eddie Henderson, Peter Bernstein, and Eric Alexander.

Music: Presents hard bop, organ trios, and live album sessions released through its affiliated label, Smoke Sessions Records."
57,current-nublu,Nublu,commercial_club,downtown_avant_garde,Manhattan,East Village,62 Avenue C,40.722524,-73.979693,2002,,open,,"An East Village clubhouse for jazz, electronic, Brazilian, and improvised music whose collaborations produced a distinct Nublu sound.",The venue’s official history dates its opening to 2002.,https://nublu.net/article/309,Nublu,current_jazz_import,src/data/currentJazzVenues.ts,"Founded in 2002 by Swedish-Turkish musician Ilhan Ersahin at 62 Avenue C in the East Village, Nublu is a downtown clubhouse where jazz meets electronic, Brazilian, reggae, and dance music.

Notable Musicians: Ilhan Ersahin, Butch Morris, Robert Glasper, members of the Sun Ra Arkestra, and Forró in the Dark.

Music: Hosted Butch Morris's Nublu Orchestra and extended his established Conduction practice, while Ersahin's Love Trio helped shape the club's electronic-improvisational sound."
58,current-dizzys-club,Dizzy's Club,commercial_club,mainstream_jazz,Manhattan,Columbus Circle,"10 Columbus Circle, 5th Floor",40.768554,-73.983181,2004,,open,,Jazz at Lincoln Center’s intimate skyline room anchors nightly performance inside Frederick P. Rose Hall.,Jazz at Lincoln Center documents the club’s opening in October 2004.,https://press.jazz.org/press/2014/09/dizzys-club-coca-cola-october-2014-lineup-announced/,Jazz at Lincoln Center,current_jazz_import,src/data/currentJazzVenues.ts,"Opened in 2004 inside Jazz at Lincoln Center’s Frederick P. Rose Hall (10 Columbus Circle), Dizzy's Club pairs nightly jazz programming with views of Central Park and the Manhattan skyline.

Notable Musicians: Wynton Marsalis, Jon Batiste, Cécile McLorin Salvant, Christian McBride, and Mulgrew Miller.

Music: Presents nightly sets by established artists, international ensembles, and emerging conservatory musicians under the musical direction of Jazz at Lincoln Center."
59,current-mezzrow,Mezzrow,commercial_club,mainstream_jazz,Manhattan,West Village,163 W 10th St,40.734592,-74.001929,2014,,open,,"An intimate piano room inspired by Bradley’s, built around close listening and acoustic small-group performance.",SmallsLIVE dates the opening to September 2014.,https://www.smallslive.com/about/,SmallsLIVE,current_jazz_import,src/data/currentJazzVenues.ts,"Opened in 2014 by Mitch Borden and Spike Wilner at 163 W 10th Street in Greenwich Village, Mezzrow is a subterranean piano lounge and listening room named in honor of Mezz Mezzrow, designed as a companion venue to Smalls.

Notable Musicians: Fred Hersch, Johnny O'Neal, Steve Kuhn, Dado Moroni, and Helen Sung.

Music: Built around a handmade Steinway concert grand piano, Mezzrow focuses exclusively on acoustic piano duos, trios, vocalists, and intimate chamber jazz."
60,current-django,The Django,commercial_club,mainstream_jazz,Manhattan,Tribeca,2 Avenue of the Americas,40.71939,-74.004787,2015,,open,,A vaulted cellar room in the Roxy Hotel presenting nightly jazz in a modern supper-club setting.,A contemporary Tribeca report documents the club opening in September 2015.,https://tribecacitizen.com/2015/09/28/seen-heard-the-roxys-new-jazz-club-is-open/comment-page-1/,Tribeca Citizen,current_jazz_import,src/data/currentJazzVenues.ts,"Opened in 2015 beneath the Roxy Hotel at 2 Avenue of the Americas in Tribeca, The Django is a vaulted, Paris-inspired cellar venue with exposed brickwork and handcrafted cocktails.

Notable Musicians: Mark Whitfield, Ken Fowser, Roxy Coss, Evan Sherman, and Mingus Big Band.

Music: Features nightly double-header jazz sets ranging from swing and Gypsy jazz to hard bop big bands and modern funk-jazz."
61,current-cellar-dog,Cellar Dog,commercial_club,mainstream_jazz,Manhattan,West Village,75 Christopher St,40.733793,-74.003153,2021,,open,,"The former Fat Cat basement returned after the pandemic with late-night jazz, games, and a deliberately casual social atmosphere.",Opened as Cellar Dog in July 2021 in the former Fat Cat space.,https://www.timeout.com/newyork/news/fat-cat-reopens-as-cellar-dog-tomorrow-070621,Time Out New York,current_jazz_import,src/data/currentJazzVenues.ts,"Reopened in 2021 at 75 Christopher Street in the former Fat Cat space, Cellar Dog combines late-night live jazz performance with billiards, ping pong, and a spacious Greenwich Village social hall.

Notable Musicians: Roy Hargrove alumni, Saul Rubin, Jimmy Cobb legacy groups, and emerging NYC conservatory players.

Music: Offers nightly live jazz sets and late-night jam sessions in an accessible, low-pressure social environment."
62,current-chelsea-table-stage,Chelsea Table + Stage,commercial_club,mainstream_jazz,Manhattan,Chelsea,152 W 26th St,40.7455,-73.993759,2021,,open,,A pandemic-era opening that combines a purpose-built listening stage with dinner service and wide-ranging jazz and cabaret programming.,"Officially opened September 8, 2021 after a summer of preview performances.",https://chelseacommunitynews.com/2022/01/31/chelsea-table-stage-a-unique-new-neighborhood-venue/,Chelsea Community News,current_jazz_import,src/data/currentJazzVenues.ts,"Opened in 2021 at 152 W 26th Street in Chelsea, Chelsea Table + Stage is a sleek, multi-level venue offering intimate dining alongside eclectic live jazz, cabaret, and world music.

Notable Musicians: Randy Brecker, Artis Ford, Stephane Wrembel, and contemporary NYC vocalists.

Music: Features state-of-the-art audiovisual production hosting modern jazz quartets, big band revues, and acoustic showcases."
63,current-close-up,Close Up,commercial_club,downtown_avant_garde,Manhattan,Lower East Side,154 Orchard St,40.720808,-73.988664,2024,,open,,An artist-driven Lower East Side listening room pairing nightly sets and late jams with an emerging-musician focus.,"The New York City Jazz Record reported its first anniversary in July 2025, establishing a 2024 opening year.",https://nycjazzrecord.com/wp-content/uploads/2025/06/tnycjr202507_P04-05.pdf,The New York City Jazz Record,current_jazz_import,src/data/currentJazzVenues.ts,"Opened in 2024 at 154 Orchard Street on the Lower East Side, Close Up is an artist-driven listening room dedicated to sustaining nightly live jazz and late-night jam sessions.

Notable Musicians: Emerging Lower East Side improvisers, post-bop leaders, and visiting master players.

Music: Pairs intimate acoustic staging with nightly double sets and informal jam sessions for NYC's next generation of jazz talent."
64,current-birds,Birds,commercial_club,mainstream_jazz,Manhattan,West Village,64 Downing St,40.728839,-74.004872,2025,,open,,"A compact West Village listening bar mixing jazz with funk, blues, piano-bar culture, and musician-led programming.",Contemporary coverage documents its opening in September 2025.,https://observer.com/2025/09/birds-west-village-live-music-cocktail-bar-opening-new-york-city/,Observer,current_jazz_import,src/data/currentJazzVenues.ts,"Opened in 2025 at 64 Downing Street in the West Village, Birds is a cozy listening bar and cocktail lounge that celebrates vinyl records and live acoustic jazz performances.

Notable Musicians: Local West Village pianists, acoustic bass duos, and modern swing ensembles.

Music: Blends curated jazz vinyl listening sessions with nightly unamplified piano and duo sets."
65,current-jazzcultural,Jazzcultural,commercial_club,mainstream_jazz,Manhattan,Midtown West,349 W 46th St,40.76077,-73.989656,2026,,open,,A new Restaurant Row room created by the Smalls team as a tribute to Barry Harris and the community-centered bebop tradition.,"Opened March 20, 2026 in the former Swing 46 space.",https://ukjazznews.com/new-club-jazzcultural-opens-in-nyc/,UK Jazz News,current_jazz_import,src/data/currentJazzVenues.ts,"Opened in 2026 by the SmallsLIVE team at 349 W 46th Street on Restaurant Row (in the former Swing 46 space), Jazzcultural pays homage to Barry Harris’ influential Jazz Cultural Theatre.

Notable Musicians: Pasquale Grasso, Spike Wilner, Chris Byars, and musicians shaped by Barry Harris' teaching.

Music: Dedicated to preserving bebop pedagogy through harmonic instruction, vocal workshops, and straight-ahead swing dance jam sessions."
66,current-pocket,The Pocket Jazz Club,commercial_club,mainstream_jazz,Manhattan,Midtown West,130 W 46th St,40.757789,-73.98378,2026,,open,,A new Midtown listening room designed to put major artists and rising musicians in close contact with its audience.,Opened in May 2026 inside the Muse Hotel.,https://www.amny.com/entertainment/inside-the-pocket-jazz-musicians-new-york-city/,amNewYork,current_jazz_import,src/data/currentJazzVenues.ts,"Opened in 2026 inside the Muse Hotel at 130 W 46th Street in Midtown West, The Pocket is an intimate listening room designed for close contact between musicians and audiences.

Notable Musicians: Midtown session players, modern bop bandleaders, and touring guest artists.

Music: Highlights acoustic rhythm sections, hard bop quartets, and late-night artist-led jams just steps from Broadway."
67,outer-brownstonejazz,BrownstoneJAZZ,commercial_club,brooklyn_continuation,Brooklyn,Bedford-Stuyvesant,107 Macon St,40.681571,-73.947054,2009,,open,,Weekend jazz turns the parlor of an 1887 family brownstone into a living link to Bedford-Stuyvesant’s mid-century club culture.,"Debbie McClain and bassist Eric Lemons established the parlor series in 2009; it remains an intimate, Black-owned cultural preservation space.",https://jjajazzawards.org/2025-jazz-hero-debbie-mcclain/,Jazz Journalists Association,outer_borough_import,src/data/outerBoroughJazzVenues.ts,"Founded in 2009 by Debbie McClain and Eric Lemons at 107 Macon Street in Bedford-Stuyvesant, BrownstoneJAZZ turns the parlor of an 1887 Victorian brownstone into an intimate acoustic jazz room and fish fry tradition.

Notable Musicians: Eric Lemons, Lafrae Sci, Patience Higgins, and Bed-Stuy veteran jazz players.

Music: Preserves authentic parlor jazz intimacy, featuring acoustic bass, piano, and horn trios accompanied by home-cooked soul food."
68,outer-williamsburg-music-center,Williamsburg Music Center,commercial_club,brooklyn_continuation,Brooklyn,Williamsburg,367 Bedford Ave,40.711286,-73.963105,1981,,open,,Brooklyn’s long-running Black-owned jazz institution centers the African musical diaspora and provides musicians with a neighborhood stage.,Composer and musician Gerry Eastman opened the venue in 1981 as a safe performance space for musicians of color.,https://wmcjazz.com/about-us-1,Williamsburg Music Center,outer_borough_import,src/data/outerBoroughJazzVenues.ts,"Established in 1981 by composer and multi-instrumentalist Gerry Eastman at 367 Bedford Avenue in Williamsburg, WMC is Brooklyn's oldest Black-owned non-profit jazz venue dedicated to the African musical diaspora.

Notable Musicians: Gerry Eastman, Eubie Blake, Harold Mabern, and Williamsburg creative improvisers.

Music: Features original compositions by Eastman and community musicians, big band rehearsals, and open jazz jams supporting musicians of color."
69,outer-soapbox-gallery,Soapbox Gallery,avant_garde,brooklyn_continuation,Brooklyn,Prospect Heights,636 Dean St,40.680216,-73.969282,2018,,open,,"A purpose-built acoustic gallery where contemporary jazz, solo piano, visual art, and live-streamed performance share one experimental room.",The former sculpture studio began its present music-focused chapter after renovation and installation of its Yamaha C7 grand piano in 2018.,https://www.jazztimes.com/festivals-events/scenes/the-scene-brooklyns-soapbox-gallery/,JazzTimes,outer_borough_import,src/data/outerBoroughJazzVenues.ts,"Opened in 2018 by Jimmy Katz at 636 Dean Street in Prospect Heights, Soapbox Gallery converted a former sculpture studio into an acoustic gallery equipped with a Yamaha C7 grand piano and 4K multi-cam live-streaming.

Notable Musicians: Fred Hersch, Arturo O'Farrill, Nduduzo Makhathini, and Fabian Almazan.

Music: Dedicated to non-commercial experimental jazz, solo piano performances, and ultra-high-definition international broadcasts."
70,outer-st-mazie,St. Mazie Bar & Supper Club,commercial_club,brooklyn_continuation,Brooklyn,Williamsburg,345 Grand St,40.712601,-73.955827,2013,,open,,"A candlelit Williamsburg supper club that keeps early jazz, swing, and acoustic ensemble music in a neighborhood nightlife setting.",Contemporary listings establish the venue at this address in 2013; its official site continues to advertise live music and daily service.,https://www.timeout.com/newyork/bars/st-mazie,Time Out New York,outer_borough_import,src/data/outerBoroughJazzVenues.ts,"Opened in 2013 at 345 Grand Street in Williamsburg, St. Mazie is a candlelit, vintage-inspired supper club presenting live early jazz, swing, and acoustic roots music in a romantic parlor setting.

Notable Musicians: Baby Soda Jazz Band, Gordon Webster, and Williamsburg swing revivalists.

Music: Features unamplified Gypsy jazz, 1920s hot jazz, and acoustic swing ensembles performing nightly for diners and dancers."
71,outer-lunatico,LunÀtico,commercial_club,brooklyn_continuation,Brooklyn,Bedford-Stuyvesant,486 Halsey St,40.683398,-73.934682,2015,,open,,"A musician-run Bed-Stuy room where jazz shares a tiny stage with global roots music, funk, flamenco, and singer-songwriters every night.",Opened in 2015 by touring musicians; the owners continue to support performers through nightly programming and audience donations.,https://www.jazztimes.com/festivals-events/scenes/the-scene-brooklyns-bar-lunatico/,JazzTimes,outer_borough_import,src/data/outerBoroughJazzVenues.ts,"Opened in 2015 by touring musicians Rosita Kess, Richard Hammond, and Arthur Kell at 486 Halsey Street in Bed-Stuy, LunÀtico is a cozy neighborhood venue where jazz, global roots, and improvisational music share a tiny stage.

Notable Musicians: Lionel Loueke, Arthur Kell, Stephane Wrembel, and Bed-Stuy creative artists.

Music: Features eclectic, boundary-pushing nightly performances where modern jazz meets West African rhythms, flamenco, and funk."
72,outer-bar-bayeux,Bar Bayeux,commercial_club,brooklyn_continuation,Brooklyn,Prospect Lefferts Gardens,1066 Nostrand Ave,40.662018,-73.951007,2018,,open,,A small neighborhood cocktail bar that has become a serious modern-jazz room through musician-led booking and close audience contact.,Opened on New Year’s Eve 2018; bassist-owner Jeremy Stratton describes the club as a Brooklyn successor to the East Village’s Grassroots Tavern community.,https://jazzgeneration.org/blog/venueprofiles-barbayeux,Jazz Generation,outer_borough_import,src/data/outerBoroughJazzVenues.ts,"Opened in 2018 by bassist Jeremy Stratton at 1066 Nostrand Avenue in Prospect Lefferts Gardens, Bar Bayeux is a musician-led neighborhood room for modern jazz.

Notable Musicians: Jeremy Stratton, Jerome Sabbagh, Seamus Blake, David Gibson, and Lage Lund.

Music: Features contemporary jazz quartets and trios performing inches from the audience in a warm cocktail lounge setting."
73,outer-ornithology,Ornithology Jazz Club,commercial_club,brooklyn_continuation,Brooklyn,Bushwick,6 Suydam St,40.695475,-73.932079,2021,,open,,"A no-cover Bushwick club built around nightly live jazz, open jams, and a grand piano rather than a conventional ticketed-room model.",Mitchell Borden and Rie Yamaguchi-Borden opened Ornithology in October 2021 with support from the Gotham Yardbird Sanctuary.,https://bushwickdaily.com/arts-culture/bushwicks-ornithology-jazz-club-serves-up-vegan-food-and-free-nightly-jam-sessions/,Bushwick Daily,outer_borough_import,src/data/outerBoroughJazzVenues.ts,"Opened in 2021 by Mitchell Borden and Rie Yamaguchi-Borden at 6 Suydam Street in Bushwick, Ornithology is a no-cover, vegan-friendly jazz club centered around nightly live music, open jams, and community support.

Notable Musicians: Bushwick creative improvisers, Smalls alumni, and international touring artists.

Music: Features two nightly jazz sets followed by late-night jam sessions centered on a grand piano with zero door charge."
74,outer-red-pavilion,The Red Pavilion,commercial_club,brooklyn_continuation,Brooklyn,Bushwick,1241 Flushing Ave,40.708234,-73.923588,2023,,open,,"An AAPI-focused neo-noir cabaret where a house jazz band, concerts, theater, and nightlife place Asian artists at the center of the program.",Opened in March 2023 and continues to present live jazz alongside cabaret and other cultural programming.,https://www.theredpavilion.com/,The Red Pavilion,outer_borough_import,src/data/outerBoroughJazzVenues.ts,"Opened in 2023 by Shien Lee and Peiyi Ko at 1241 Flushing Avenue in Bushwick, The Red Pavilion is an AAPI-owned neo-noir venue presenting Asian and Asian-American jazz artists, cabaret, and immersive performances.

Notable Musicians: Asian American jazz collectives, house swing bands, and global fusion artists.

Music: Features house jazz bands, modern big bands, and cross-cultural music showcases celebrating Asian heritage in creative arts."
75,outer-terraza-7,Terraza 7,commercial_club,brooklyn_continuation,Queens,Elmhurst,40-19 Gleane St,40.7444,-73.8856,2002,,open,,,A musician-founded Queens venue presenting jazz and music from across Latin America and the wider diaspora.,https://www.terraza7.com/about-us,Terraza 7,outer_borough_import,src/data/outerBoroughJazzVenues.ts,"Founded in 2002 by Freddy Castiblanco at 40-19 Gleane Street in Elmhurst, Terraza 7 is a musician-led venue where immigrant traditions meet contemporary jazz and improvised music. Its programming connects Elmhurst and Jackson Heights audiences with artists from across the Americas and the wider diaspora.

Notable Musicians: Benito Gonzalez, Jorge Glem, Luisito Quintero, Michael Thomas, and Edward Perez.

Music: Presents nightly concerts, the Terraza Big Band, and participatory Venezuelan, Brazilian, and Argentine jazz jams that bring traditional forms into dialogue with contemporary improvisation."
76,outer-flushing-town-hall,Flushing Town Hall,cultural_center,brooklyn_continuation,Queens,Flushing,137-35 Northern Blvd,40.7638,-73.8308,1979,,open,,,"A nonprofit cultural institution with a restored theater, jazz programming, and the Queens Jazz Orchestra.",https://www.flushingtownhall.org/mission-and-history,Flushing Town Hall,outer_borough_import,src/data/outerBoroughJazzVenues.ts,"Founded in 1979, the Flushing Council on Culture and the Arts operates Flushing Town Hall, a restored 1862 landmark with a 308-seat theater. Its jazz programs connect Queens's history as home to many major musicians with current performance and education.

Notable Musicians: Jimmy Heath, Reggie Workman, David Ostwald, Carol Sudhalter, and Eric Lemon.

Music: Produces the Queens Jazz Orchestra, Louis Armstrong Legacy Jazz Jams, concerts, clinics, and the Queens Jazz Trail Map, pairing professional performance with community participation."
77,outer-845-club,845 Club,commercial_club,harlem_jazz,Bronx,Longwood,845 Prospect Ave,40.8213,-73.9007,1940,1960,closed,,,One of the Boston Road-area rooms remembered in Bronx music history for appearances by musicians including Dizzy Gillespie and Art Blakey.,https://bronxmusichall.org/bronx-music-history/,Bronx Music Hall,outer_borough_import,src/data/outerBoroughJazzVenues.ts,"Located at 845 Prospect Avenue during the mid-twentieth century, the 845 Club was part of the Bronx jazz circuit that developed around Boston Road and Morrisania. It gave borough audiences a local room for the bebop emerging across New York.

Notable Musicians: Dizzy Gillespie and Art Blakey.

Music: Presented bebop during the 1940s and 1950s, linking the neighborhood's Black cultural life to the new small-group language developing across the city."
78,outer-bronx-music-hall,Bronx Music Hall,cultural_center,brooklyn_continuation,Bronx,Melrose,438 E 163rd St,40.8239,-73.9081,2024,,open,,,"A community cultural center presenting Bronx music history and contemporary programs, including Latin jazz.",https://bronxmusichall.org/mission-background/,Bronx Music Hall,outer_borough_import,src/data/outerBoroughJazzVenues.ts,"Opened by WHEDco in October 2024 at 438 East 163rd Street, Bronx Music Hall is a 14,000-square-foot performance venue and community arts center. It is the permanent home of the Bronx Music Heritage Center and includes a 250-seat theater, classrooms, a recording studio, and outdoor performance space.

Notable Musicians: Bobby Sanabria, Janis Siegel, Antoinette Montague, Grandmaster Caz, and MC Sha-Rock.

Music: Presents Latin jazz through the Nuevas Voces series alongside salsa, hip-hop, Garifuna music, dance, spoken word, exhibitions, and low-cost music education."
